Model,Best Train Score,Test Scores
Lasso_Regressor,0.9854474907112353,0.9854026953352265
Ridge_Regressor,0.9930617644116302,0.993446582602713
Elastic_Net_Regressor,0.9854474907112353,0.9854026953352265
Support_Vector_Regressor,0.9919347053972571,0.9920233755044658
Decision_Tree_Regressor,0.9937364848458964,0.9928347556664556
Random_Forrests_Regressor,0.9938435896910438,0.992355689402077
