Model,Best Train Score,Test Scores
Lasso_Regressor,0.9853495288086579,0.985235214530658
Ridge_Regressor,0.9937826730221593,0.9931475020727035
Elastic_Net_Regressor,0.9853495288086579,0.985235214530658
Support_Vector_Regressor,0.9926953691232572,0.9922464597865746
Decision_Tree_Regressor,0.9985814153091969,0.9906238096280335
Random_Forrests_Regressor,0.9989600927053428,0.9935387171380128
