,fold_1,fold_2,fold_3,fold_4,fold_5,fold_6,fold_7,fold_8,fold_9,fold_10,fold_11,fold_12,fold_13,fold_14,fold_15,fold_16,fold_17,fold_18,fold_19,fold_20,Test
MSE,5.857436656951904,6.728559494018555,9.006442070007324,7.865870952606201,8.147576332092285,7.502365589141846,7.7545695304870605,10.024301528930664,6.0782470703125,18.01117515563965,11.506120681762695,6.196240425109863,7.139804840087891,7.755203723907471,7.731935024261475,5.599160194396973,7.486382961273193,6.868587017059326,7.763961315155029,7.0891900062561035,8.335683822631836
R2,0.9982301592826843,0.998215913772583,0.9977783560752869,0.9977708458900452,0.9974304437637329,0.9979411363601685,0.9977778792381287,0.9966784715652466,0.9982337355613708,0.9948961734771729,0.9965823292732239,0.9982133507728577,0.9978011250495911,0.9971692562103271,0.997733473777771,0.9983475804328918,0.9977142214775085,0.9980172514915466,0.9974337816238403,0.9980302453041077,0.9975723028182983
MAE,1.9313061237335205,1.9809671640396118,2.300201892852783,2.120462417602539,2.210552215576172,2.14229416847229,2.0381767749786377,2.3558173179626465,1.8747376203536987,2.1618189811706543,2.2535648345947266,1.9550127983093262,2.031846284866333,2.233384132385254,2.176811933517456,1.902451515197754,2.132319688796997,2.1400411128997803,2.03407883644104,2.1359429359436035,2.214224338531494
MAPE,0.008010189048945904,0.00785844400525093,0.008901596069335938,0.008477792143821716,0.00888043362647295,0.008750430308282375,0.00843771081417799,0.009591509588062763,0.007785562891513109,0.009594319388270378,0.009181716479361057,0.00786164216697216,0.008276649750769138,0.009020005352795124,0.00871138833463192,0.007797378581017256,0.008615763857960701,0.008508208207786083,0.008249813690781593,0.008433578535914421,0.008906727656722069
