,fold_1,fold_2,fold_3,fold_4,fold_5,fold_6,fold_7,fold_8,fold_9,fold_10,fold_11,fold_12,fold_13,fold_14,fold_15,fold_16,fold_17,fold_18,fold_19,fold_20,Test
MSE,5.705410480499268,7.551312446594238,8.596402168273926,6.891007900238037,7.864083766937256,8.393310546875,7.096412658691406,11.167948722839355,7.039722919464111,18.708131790161133,9.958605766296387,6.533398151397705,7.69475793838501,7.234126091003418,7.713703155517578,6.217944145202637,7.728241920471191,6.52459716796875,8.770668029785156,7.130593776702881,7.8916215896606445
R2,0.9982761144638062,0.9979977607727051,0.9978795051574707,0.9980471134185791,0.997519850730896,0.9976966381072998,0.997966468334198,0.9962995648384094,0.9979543089866638,0.9946986436843872,0.9970420002937317,0.998116135597229,0.9976301789283752,0.9973594546318054,0.9977388381958008,0.9981649518013,0.9976403713226318,0.9981165528297424,0.9971010088920593,0.998018741607666,0.9977462887763977
MAE,1.9178485870361328,2.163414239883423,2.1382017135620117,2.027596950531006,2.2089343070983887,2.1804487705230713,1.9294755458831787,2.380876064300537,2.2010273933410645,2.3778233528137207,2.255692720413208,2.0765702724456787,2.101846694946289,2.036130666732788,2.06217885017395,2.054636240005493,2.1576671600341797,2.0131442546844482,2.306645154953003,2.0399787425994873,2.0766403675079346
MAPE,0.007895410060882568,0.008398790843784809,0.0083322674036026,0.00812518410384655,0.00877485889941454,0.008782029151916504,0.007917415350675583,0.009496981278061867,0.008652664721012115,0.010289106518030167,0.009278502315282822,0.00851816963404417,0.008507835678756237,0.008198590017855167,0.008148035034537315,0.008239222690463066,0.008693122304975986,0.008016618900001049,0.009208837524056435,0.00799587182700634,0.00830045435577631
